-- ============================================================================
-- Spar-Assistent MVP – Seed Data
-- Realistic prices for German discount supermarkets (March 2026)
-- ============================================================================

-- ============================================================================
-- App Configuration
-- ============================================================================
insert into public.app_config (key, value, description) values
  ('default_travel_factor', '0.30', 'EUR pro km Fahrtkosten'),
  ('validation_threshold_sehr_gut_percent', '5', 'Sehr gut: unter X Prozent'),
  ('validation_threshold_sehr_gut_eur', '2', 'Sehr gut: unter X EUR'),
  ('validation_threshold_brauchbar_percent', '8', 'Brauchbar: unter X Prozent'),
  ('validation_threshold_brauchbar_eur', '5', 'Brauchbar: unter X EUR'),
  ('validation_threshold_kritisch_percent', '12', 'Kritisch: unter X Prozent'),
  ('validation_threshold_kritisch_eur', '8', 'Kritisch: unter X EUR'),
  ('ocr_confidence_high', '0.80', 'OCR: hohe Konfidenz'),
  ('ocr_confidence_medium', '0.50', 'OCR: mittlere Konfidenz'),
  ('receipt_retention_days', '30', 'Bon-Bilder Aufbewahrung in Tagen'),
  ('default_region', 'neustadt', 'Standard-Region');

-- ============================================================================
-- Markets
-- ============================================================================
insert into public.markets (id, name, region_code, is_active, distance_km, fixed_travel_cost) values
  ('a1000000-0000-0000-0000-000000000001', 'Aldi Süd', 'neustadt', true, 3.2, null),
  ('a1000000-0000-0000-0000-000000000002', 'Lidl', 'neustadt', true, 5.1, null),
  ('a1000000-0000-0000-0000-000000000003', 'Penny', 'neustadt', true, 1.8, null);

-- ============================================================================
-- Categories (20 Referenz-Warenkorb Positionen)
-- ============================================================================
insert into public.categories (id, name, target_quantity, target_unit, note, sort_order) values
  ('c1000000-0000-0000-0000-000000000001', 'Milch',        1,    'Liter',  'günstigste Kuhmilch', 1),
  ('c1000000-0000-0000-0000-000000000002', 'Eier',         10,   'Stück',  'Größe M oder Standardpackung', 2),
  ('c1000000-0000-0000-0000-000000000003', 'Brot',         500,  'g',      'Standardbrot oder Toast', 3),
  ('c1000000-0000-0000-0000-000000000004', 'Butter',       250,  'g',      'Standardbutter', 4),
  ('c1000000-0000-0000-0000-000000000005', 'Käse',         200,  'g',      'Block oder Scheibenkäse', 5),
  ('c1000000-0000-0000-0000-000000000006', 'Joghurt',      500,  'g',      'Naturjoghurt', 6),
  ('c1000000-0000-0000-0000-000000000007', 'Kartoffeln',   2,    'kg',     'Standardsack', 7),
  ('c1000000-0000-0000-0000-000000000008', 'Nudeln',       500,  'g',      'Standardnudeln', 8),
  ('c1000000-0000-0000-0000-000000000009', 'Reis',         1,    'kg',     'Standardreis', 9),
  ('c1000000-0000-0000-0000-000000000010', 'Mehl',         1,    'kg',     'Weizenmehl Standard', 10),
  ('c1000000-0000-0000-0000-000000000011', 'Zucker',       1,    'kg',     'Haushaltszucker', 11),
  ('c1000000-0000-0000-0000-000000000012', 'Öl',           1,    'Liter',  'Raps- oder Sonnenblumenöl', 12),
  ('c1000000-0000-0000-0000-000000000013', 'Zwiebeln',     1,    'kg',     'Standardware', 13),
  ('c1000000-0000-0000-0000-000000000014', 'Knoblauch',    1,    'Stück',  '1 Knolle', 14),
  ('c1000000-0000-0000-0000-000000000015', 'Tomaten',      500,  'g',      'Standardtomaten', 15),
  ('c1000000-0000-0000-0000-000000000016', 'Paprika',      500,  'g',      'gemischte Standardware', 16),
  ('c1000000-0000-0000-0000-000000000017', 'Gurke',        1,    'Stück',  'Salatgurke', 17),
  ('c1000000-0000-0000-0000-000000000018', 'Äpfel',        1,    'kg',     'Standardäpfel', 18),
  ('c1000000-0000-0000-0000-000000000019', 'Bananen',      1,    'kg',     'Standardbananen', 19),
  ('c1000000-0000-0000-0000-000000000020', 'Wurst',        100,  'g',      'günstiger Aufschnitt', 20);

-- ============================================================================
-- Price Entries (realistic German discount prices, March 2026)
-- ============================================================================

-- Aldi Süd Preise
insert into public.price_entries (market_id, category_id, price_value, currency, valid_from, is_promo, source) values
  ('a1000000-0000-0000-0000-000000000001', 'c1000000-0000-0000-0000-000000000001', 1.09, 'EUR', '2026-03-20', false, 'manual'),
  ('a1000000-0000-0000-0000-000000000001', 'c1000000-0000-0000-0000-000000000002', 1.79, 'EUR', '2026-03-20', false, 'manual'),
  ('a1000000-0000-0000-0000-000000000001', 'c1000000-0000-0000-0000-000000000003', 1.29, 'EUR', '2026-03-20', false, 'manual'),
  ('a1000000-0000-0000-0000-000000000001', 'c1000000-0000-0000-0000-000000000004', 1.89, 'EUR', '2026-03-20', false, 'manual'),
  ('a1000000-0000-0000-0000-000000000001', 'c1000000-0000-0000-0000-000000000005', 1.69, 'EUR', '2026-03-20', false, 'manual'),
  ('a1000000-0000-0000-0000-000000000001', 'c1000000-0000-0000-0000-000000000006', 0.79, 'EUR', '2026-03-20', false, 'manual'),
  ('a1000000-0000-0000-0000-000000000001', 'c1000000-0000-0000-0000-000000000007', 2.49, 'EUR', '2026-03-20', false, 'manual'),
  ('a1000000-0000-0000-0000-000000000001', 'c1000000-0000-0000-0000-000000000008', 0.79, 'EUR', '2026-03-20', false, 'manual'),
  ('a1000000-0000-0000-0000-000000000001', 'c1000000-0000-0000-0000-000000000009', 1.99, 'EUR', '2026-03-20', false, 'manual'),
  ('a1000000-0000-0000-0000-000000000001', 'c1000000-0000-0000-0000-000000000010', 0.59, 'EUR', '2026-03-20', false, 'manual'),
  ('a1000000-0000-0000-0000-000000000001', 'c1000000-0000-0000-0000-000000000011', 0.99, 'EUR', '2026-03-20', false, 'manual'),
  ('a1000000-0000-0000-0000-000000000001', 'c1000000-0000-0000-0000-000000000012', 1.49, 'EUR', '2026-03-20', false, 'manual'),
  ('a1000000-0000-0000-0000-000000000001', 'c1000000-0000-0000-0000-000000000013', 1.29, 'EUR', '2026-03-20', false, 'manual'),
  ('a1000000-0000-0000-0000-000000000001', 'c1000000-0000-0000-0000-000000000014', 0.49, 'EUR', '2026-03-20', false, 'manual'),
  ('a1000000-0000-0000-0000-000000000001', 'c1000000-0000-0000-0000-000000000015', 1.99, 'EUR', '2026-03-20', false, 'manual'),
  ('a1000000-0000-0000-0000-000000000001', 'c1000000-0000-0000-0000-000000000016', 2.49, 'EUR', '2026-03-20', false, 'manual'),
  ('a1000000-0000-0000-0000-000000000001', 'c1000000-0000-0000-0000-000000000017', 0.69, 'EUR', '2026-03-20', false, 'manual'),
  ('a1000000-0000-0000-0000-000000000001', 'c1000000-0000-0000-0000-000000000018', 2.29, 'EUR', '2026-03-20', false, 'manual'),
  ('a1000000-0000-0000-0000-000000000001', 'c1000000-0000-0000-0000-000000000019', 1.49, 'EUR', '2026-03-20', false, 'manual'),
  ('a1000000-0000-0000-0000-000000000001', 'c1000000-0000-0000-0000-000000000020', 0.99, 'EUR', '2026-03-20', false, 'manual');

-- Lidl Preise
insert into public.price_entries (market_id, category_id, price_value, currency, valid_from, is_promo, source) values
  ('a1000000-0000-0000-0000-000000000002', 'c1000000-0000-0000-0000-000000000001', 1.15, 'EUR', '2026-03-20', false, 'manual'),
  ('a1000000-0000-0000-0000-000000000002', 'c1000000-0000-0000-0000-000000000002', 1.69, 'EUR', '2026-03-20', false, 'manual'),
  ('a1000000-0000-0000-0000-000000000002', 'c1000000-0000-0000-0000-000000000003', 1.19, 'EUR', '2026-03-20', false, 'manual'),
  ('a1000000-0000-0000-0000-000000000002', 'c1000000-0000-0000-0000-000000000004', 1.95, 'EUR', '2026-03-20', false, 'manual'),
  ('a1000000-0000-0000-0000-000000000002', 'c1000000-0000-0000-0000-000000000005', 1.79, 'EUR', '2026-03-20', false, 'manual'),
  ('a1000000-0000-0000-0000-000000000002', 'c1000000-0000-0000-0000-000000000006', 0.85, 'EUR', '2026-03-20', false, 'manual'),
  ('a1000000-0000-0000-0000-000000000002', 'c1000000-0000-0000-0000-000000000007', 2.29, 'EUR', '2026-03-20', false, 'manual'),
  ('a1000000-0000-0000-0000-000000000002', 'c1000000-0000-0000-0000-000000000008', 0.85, 'EUR', '2026-03-20', false, 'manual'),
  ('a1000000-0000-0000-0000-000000000002', 'c1000000-0000-0000-0000-000000000009', 1.89, 'EUR', '2026-03-20', false, 'manual'),
  ('a1000000-0000-0000-0000-000000000002', 'c1000000-0000-0000-0000-000000000010', 0.55, 'EUR', '2026-03-20', false, 'manual'),
  ('a1000000-0000-0000-0000-000000000002', 'c1000000-0000-0000-0000-000000000011', 0.95, 'EUR', '2026-03-20', false, 'manual'),
  ('a1000000-0000-0000-0000-000000000002', 'c1000000-0000-0000-0000-000000000012', 1.59, 'EUR', '2026-03-20', false, 'manual'),
  ('a1000000-0000-0000-0000-000000000002', 'c1000000-0000-0000-0000-000000000013', 1.19, 'EUR', '2026-03-20', false, 'manual'),
  ('a1000000-0000-0000-0000-000000000002', 'c1000000-0000-0000-0000-000000000014', 0.55, 'EUR', '2026-03-20', false, 'manual'),
  ('a1000000-0000-0000-0000-000000000002', 'c1000000-0000-0000-0000-000000000015', 2.19, 'EUR', '2026-03-20', false, 'manual'),
  ('a1000000-0000-0000-0000-000000000002', 'c1000000-0000-0000-0000-000000000016', 2.59, 'EUR', '2026-03-20', false, 'manual'),
  ('a1000000-0000-0000-0000-000000000002', 'c1000000-0000-0000-0000-000000000017', 0.59, 'EUR', '2026-03-20', true, 'manual'),
  ('a1000000-0000-0000-0000-000000000002', 'c1000000-0000-0000-0000-000000000018', 2.19, 'EUR', '2026-03-20', false, 'manual'),
  ('a1000000-0000-0000-0000-000000000002', 'c1000000-0000-0000-0000-000000000019', 1.39, 'EUR', '2026-03-20', false, 'manual'),
  ('a1000000-0000-0000-0000-000000000002', 'c1000000-0000-0000-0000-000000000020', 1.09, 'EUR', '2026-03-20', false, 'manual');

-- Penny Preise
insert into public.price_entries (market_id, category_id, price_value, currency, valid_from, is_promo, source) values
  ('a1000000-0000-0000-0000-000000000003', 'c1000000-0000-0000-0000-000000000001', 1.19, 'EUR', '2026-03-20', false, 'manual'),
  ('a1000000-0000-0000-0000-000000000003', 'c1000000-0000-0000-0000-000000000002', 1.89, 'EUR', '2026-03-20', false, 'manual'),
  ('a1000000-0000-0000-0000-000000000003', 'c1000000-0000-0000-0000-000000000003', 1.39, 'EUR', '2026-03-20', false, 'manual'),
  ('a1000000-0000-0000-0000-000000000003', 'c1000000-0000-0000-0000-000000000004', 1.99, 'EUR', '2026-03-20', false, 'manual'),
  ('a1000000-0000-0000-0000-000000000003', 'c1000000-0000-0000-0000-000000000005', 1.89, 'EUR', '2026-03-20', false, 'manual'),
  ('a1000000-0000-0000-0000-000000000003', 'c1000000-0000-0000-0000-000000000006', 0.89, 'EUR', '2026-03-20', false, 'manual'),
  ('a1000000-0000-0000-0000-000000000003', 'c1000000-0000-0000-0000-000000000007', 2.69, 'EUR', '2026-03-20', false, 'manual'),
  ('a1000000-0000-0000-0000-000000000003', 'c1000000-0000-0000-0000-000000000008', 0.89, 'EUR', '2026-03-20', false, 'manual'),
  ('a1000000-0000-0000-0000-000000000003', 'c1000000-0000-0000-0000-000000000009', 2.09, 'EUR', '2026-03-20', false, 'manual'),
  ('a1000000-0000-0000-0000-000000000003', 'c1000000-0000-0000-0000-000000000010', 0.65, 'EUR', '2026-03-20', false, 'manual'),
  ('a1000000-0000-0000-0000-000000000003', 'c1000000-0000-0000-0000-000000000011', 1.05, 'EUR', '2026-03-20', false, 'manual'),
  ('a1000000-0000-0000-0000-000000000003', 'c1000000-0000-0000-0000-000000000012', 1.69, 'EUR', '2026-03-20', false, 'manual'),
  ('a1000000-0000-0000-0000-000000000003', 'c1000000-0000-0000-0000-000000000013', 1.39, 'EUR', '2026-03-20', false, 'manual'),
  ('a1000000-0000-0000-0000-000000000003', 'c1000000-0000-0000-0000-000000000014', 0.59, 'EUR', '2026-03-20', false, 'manual'),
  ('a1000000-0000-0000-0000-000000000003', 'c1000000-0000-0000-0000-000000000015', 2.29, 'EUR', '2026-03-20', false, 'manual'),
  ('a1000000-0000-0000-0000-000000000003', 'c1000000-0000-0000-0000-000000000016', 2.79, 'EUR', '2026-03-20', false, 'manual'),
  ('a1000000-0000-0000-0000-000000000003', 'c1000000-0000-0000-0000-000000000017', 0.79, 'EUR', '2026-03-20', false, 'manual'),
  ('a1000000-0000-0000-0000-000000000003', 'c1000000-0000-0000-0000-000000000018', 2.49, 'EUR', '2026-03-20', false, 'manual'),
  ('a1000000-0000-0000-0000-000000000003', 'c1000000-0000-0000-0000-000000000019', 1.59, 'EUR', '2026-03-20', false, 'manual'),
  ('a1000000-0000-0000-0000-000000000003', 'c1000000-0000-0000-0000-000000000020', 1.15, 'EUR', '2026-03-20', false, 'manual');
